<?xml version="1.0" standalone="yes" ?>
<SectionInfo>
	
	<Section  Caption="Account" New="false" External="false">
		<SubSection Caption="" New="false" External="false">
			<Item Url="Account.aspx" Caption="User Accounts" New="false" External="false" />
			<Item Url="ChangePassword.aspx" Caption="Change Password" New="false" External="false" />
		</SubSection>
	</Section>
	
	<Section  Caption="Orders" New="false" External="false">
		<SubSection Caption="" New="false" External="false">
			<Item Url="Procedure.aspx" Caption="Procedures" New="false" External="false" />
			<Item Url="PatientOrder.aspx" Caption="New Order" New="false" External="false" />
			<Item Url="SearchOrder.aspx" Caption="Search Order" New="false" External="false" />
		</SubSection>
	</Section>
	
	<Section  Caption="Dispatches" New="false" External="false">
		<SubSection Caption="" New="false" External="false">
			<Item Url="DispatchControl.aspx" Caption="Dispatch Control" New="false" External="false" />
			<Item Url="OrderDispatch.aspx" Caption="Dispatch Order" New="false" External="false" />
			<Item Url="TechnicianStatus.aspx" Caption="Technician" New="false" External="false" />
		</SubSection>
	</Section>

	<Section  Caption="Security" New="false" External="false">
		<SubSection Caption="" New="false" External="false">
			<Item Url="Role.aspx" Caption="Roles" New="false" External="false" />
			<Item Url="Permission.aspx" Caption="Permissions" New="false" External="false" />
			<Item Url="Role_Permission.aspx" Caption="Role - Permission" New="false" External="false" />
			<Item Url="User_permission.aspx" Caption="User - Permission" New="false" External="false" />
		</SubSection>
	</Section>
		
	<Section  Caption="Dash Board" New="false" External="false">
		<SubSection Caption="" New="false" External="false">
			<Item Url="CEODashBoard.aspx" Caption="CEO" New="false" External="false" />
			<Item Url="CEODashBoardConOrdersStatus.aspx" Caption="CEO Order Status Consolidated" New="false" External="false" />
			<Item Url="CEODashBoardStage.aspx" Caption="CEO DashBoard Status" New="false" External="false" />
		</SubSection>
	</Section>
		
	<Section  Caption="Reports" New="false" External="false">
		<SubSection Caption="" New="false" External="false">
			<Item Url="OrdersReport.aspx" Caption="Orders" New="false" External="false" />
			<Item Url="TechnicianReports.aspx" Caption="Tech Status" New="false" External="false" />
		</SubSection>
	</Section>

</SectionInfo>
