<?xml version="1.0" encoding="UTF-8"?><?xml-stylesheet type='text/xsl' href='_UpgradeReport_Files/UpgradeReport.xslt'?><UpgradeLog>
<Properties><Property Name="Solution" Value="Zaxis_Usd">
</Property><Property Name="Solution File" Value="C:\My Folders\My Work\Projects\Framework\Zaxis_Usd\Zaxis_Usd.sln">
</Property><Property Name="User Options File" Value="C:\My Folders\My Work\Projects\Framework\Zaxis_Usd\Zaxis_Usd.suo">
</Property><Property Name="Date" Value="04 July 2009">
</Property><Property Name="Time" Value="22:43">
</Property></Properties><Event ErrorLevel="0" Project="" Source="Zaxis_Usd.sln" Description="File successfully backed up as C:\My Folders\My Work\Projects\Framework\Zaxis_Usd\Backup\Zaxis_Usd.sln">
</Event><Event ErrorLevel="0" Project="" Source="Zaxis_Usd.suo" Description="File successfully backed up as C:\My Folders\My Work\Projects\Framework\Zaxis_Usd\Backup\Zaxis_Usd.suo">
</Event><Event ErrorLevel="1" Project="DataAccessLayer" Source="..\DataAccessLayer\DataAccessLayer.csproj" Description="Warning: The project file is being backed up to a relative path that differs from the original solution relative path.  The difference in folder hierarchy may create problems in opening or building the backed up solution and project.">
</Event><Event ErrorLevel="0" Project="DataAccessLayer" Source="..\DataAccessLayer\DataAccessLayer.csproj" Description="Project file successfully backed up as C:\My Folders\My Work\Projects\Framework\Zaxis_Usd\Backup\DataAccessLayer\DataAccessLayer.csproj">
</Event><Event ErrorLevel="0" Project="DataAccessLayer" Source="..\DataAccessLayer\DataAccessLayer.csproj.user" Description="Project user file successfully backed up as C:\My Folders\My Work\Projects\Framework\Zaxis_Usd\Backup\DataAccessLayer\DataAccessLayer.csproj.user">
</Event><Event ErrorLevel="0" Project="DataAccessLayer" Source="..\DataAccessLayer\AssemblyInfo.cs" Description="File successfully backed up as C:\My Folders\My Work\Projects\Framework\Zaxis_Usd\Backup\DataAccessLayer\AssemblyInfo.cs">
</Event><Event ErrorLevel="0" Project="DataAccessLayer" Source="..\DataAccessLayer\DAL.cs" Description="File successfully backed up as C:\My Folders\My Work\Projects\Framework\Zaxis_Usd\Backup\DataAccessLayer\DAL.cs">
</Event><Event ErrorLevel="0" Project="DataAccessLayer" Source="..\DataAccessLayer\DALBase.cs" Description="File successfully backed up as C:\My Folders\My Work\Projects\Framework\Zaxis_Usd\Backup\DataAccessLayer\DALBase.cs">
</Event><Event ErrorLevel="0" Project="DataAccessLayer" Source="..\DataAccessLayer\DataAccessLayer.csproj" Description="Project converted successfully">
</Event><Event ErrorLevel="3" Project="DataAccessLayer" Source="..\DataAccessLayer\DataAccessLayer.csproj" Description="Converted">
</Event><Event ErrorLevel="1" Project="Common" Source="..\Common\Common.csproj" Description="Warning: The project file is being backed up to a relative path that differs from the original solution relative path.  The difference in folder hierarchy may create problems in opening or building the backed up solution and project.">
</Event><Event ErrorLevel="0" Project="Common" Source="..\Common\Common.csproj" Description="Project file successfully backed up as C:\My Folders\My Work\Projects\Framework\Zaxis_Usd\Backup\Common\Common.csproj">
</Event><Event ErrorLevel="0" Project="Common" Source="..\Common\Common.csproj.user" Description="Project user file successfully backed up as C:\My Folders\My Work\Projects\Framework\Zaxis_Usd\Backup\Common\Common.csproj.user">
</Event><Event ErrorLevel="0" Project="Common" Source="..\Common\AssemblyInfo.cs" Description="File successfully backed up as C:\My Folders\My Work\Projects\Framework\Zaxis_Usd\Backup\Common\AssemblyInfo.cs">
</Event><Event ErrorLevel="0" Project="Common" Source="..\Common\CommonAB.cs" Description="File successfully backed up as C:\My Folders\My Work\Projects\Framework\Zaxis_Usd\Backup\Common\CommonAB.cs">
</Event><Event ErrorLevel="0" Project="Common" Source="..\Common\CommonBase.cs" Description="File successfully backed up as C:\My Folders\My Work\Projects\Framework\Zaxis_Usd\Backup\Common\CommonBase.cs">
</Event><Event ErrorLevel="0" Project="Common" Source="..\Common\States.cs" Description="File successfully backed up as C:\My Folders\My Work\Projects\Framework\Zaxis_Usd\Backup\Common\States.cs">
</Event><Event ErrorLevel="0" Project="Common" Source="..\Common\Common.csproj" Description="Project converted successfully">
</Event><Event ErrorLevel="3" Project="Common" Source="..\Common\Common.csproj" Description="Converted">
</Event><Event ErrorLevel="1" Project="Definitions" Source="..\Definitions\Definitions.csproj" Description="Warning: The project file is being backed up to a relative path that differs from the original solution relative path.  The difference in folder hierarchy may create problems in opening or building the backed up solution and project.">
</Event><Event ErrorLevel="0" Project="Definitions" Source="..\Definitions\Definitions.csproj" Description="Project file successfully backed up as C:\My Folders\My Work\Projects\Framework\Zaxis_Usd\Backup\Definitions\Definitions.csproj">
</Event><Event ErrorLevel="0" Project="Definitions" Source="..\Definitions\Definitions.csproj.user" Description="Project user file successfully backed up as C:\My Folders\My Work\Projects\Framework\Zaxis_Usd\Backup\Definitions\Definitions.csproj.user">
</Event><Event ErrorLevel="0" Project="Definitions" Source="..\Definitions\AssemblyInfo.cs" Description="File successfully backed up as C:\My Folders\My Work\Projects\Framework\Zaxis_Usd\Backup\Definitions\AssemblyInfo.cs">
</Event><Event ErrorLevel="0" Project="Definitions" Source="..\Definitions\BusinessData.cs" Description="File successfully backed up as C:\My Folders\My Work\Projects\Framework\Zaxis_Usd\Backup\Definitions\BusinessData.cs">
</Event><Event ErrorLevel="0" Project="Definitions" Source="..\Definitions\Common.cs" Description="File successfully backed up as C:\My Folders\My Work\Projects\Framework\Zaxis_Usd\Backup\Definitions\Common.cs">
</Event><Event ErrorLevel="0" Project="Definitions" Source="..\Definitions\IBusinessEntity.cs" Description="File successfully backed up as C:\My Folders\My Work\Projects\Framework\Zaxis_Usd\Backup\Definitions\IBusinessEntity.cs">
</Event><Event ErrorLevel="0" Project="Definitions" Source="..\Definitions\IDBAccess.cs" Description="File successfully backed up as C:\My Folders\My Work\Projects\Framework\Zaxis_Usd\Backup\Definitions\IDBAccess.cs">
</Event><Event ErrorLevel="0" Project="Definitions" Source="..\Definitions\IQueryAccess.cs" Description="File successfully backed up as C:\My Folders\My Work\Projects\Framework\Zaxis_Usd\Backup\Definitions\IQueryAccess.cs">
</Event><Event ErrorLevel="0" Project="Definitions" Source="..\Definitions\Response.cs" Description="File successfully backed up as C:\My Folders\My Work\Projects\Framework\Zaxis_Usd\Backup\Definitions\Response.cs">
</Event><Event ErrorLevel="0" Project="Definitions" Source="..\Definitions\ZaxisException.cs" Description="File successfully backed up as C:\My Folders\My Work\Projects\Framework\Zaxis_Usd\Backup\Definitions\ZaxisException.cs">
</Event><Event ErrorLevel="0" Project="Definitions" Source="..\Definitions\Definitions.csproj" Description="Project converted successfully">
</Event><Event ErrorLevel="3" Project="Definitions" Source="..\Definitions\Definitions.csproj" Description="Converted">
</Event><Event ErrorLevel="1" Project="BaseClasses" Source="..\BaseClasses\BaseClasses.csproj" Description="Warning: The project file is being backed up to a relative path that differs from the original solution relative path.  The difference in folder hierarchy may create problems in opening or building the backed up solution and project.">
</Event><Event ErrorLevel="0" Project="BaseClasses" Source="..\BaseClasses\BaseClasses.csproj" Description="Project file successfully backed up as C:\My Folders\My Work\Projects\Framework\Zaxis_Usd\Backup\BaseClasses\BaseClasses.csproj">
</Event><Event ErrorLevel="0" Project="BaseClasses" Source="..\BaseClasses\BaseClasses.csproj.user" Description="Project user file successfully backed up as C:\My Folders\My Work\Projects\Framework\Zaxis_Usd\Backup\BaseClasses\BaseClasses.csproj.user">
</Event><Event ErrorLevel="0" Project="BaseClasses" Source="..\BaseClasses\AssemblyInfo.cs" Description="File successfully backed up as C:\My Folders\My Work\Projects\Framework\Zaxis_Usd\Backup\BaseClasses\AssemblyInfo.cs">
</Event><Event ErrorLevel="0" Project="BaseClasses" Source="..\BaseClasses\BELBase.cs" Description="File successfully backed up as C:\My Folders\My Work\Projects\Framework\Zaxis_Usd\Backup\BaseClasses\BELBase.cs">
</Event><Event ErrorLevel="0" Project="BaseClasses" Source="..\BaseClasses\EntityBase.cs" Description="File successfully backed up as C:\My Folders\My Work\Projects\Framework\Zaxis_Usd\Backup\BaseClasses\EntityBase.cs">
</Event><Event ErrorLevel="0" Project="BaseClasses" Source="..\BaseClasses\FacadeBase.cs" Description="File successfully backed up as C:\My Folders\My Work\Projects\Framework\Zaxis_Usd\Backup\BaseClasses\FacadeBase.cs">
</Event><Event ErrorLevel="0" Project="BaseClasses" Source="..\BaseClasses\FBase.cs" Description="File successfully backed up as C:\My Folders\My Work\Projects\Framework\Zaxis_Usd\Backup\BaseClasses\FBase.cs">
</Event><Event ErrorLevel="0" Project="BaseClasses" Source="..\BaseClasses\FRemoteBase.cs" Description="File successfully backed up as C:\My Folders\My Work\Projects\Framework\Zaxis_Usd\Backup\BaseClasses\FRemoteBase.cs">
</Event><Event ErrorLevel="0" Project="BaseClasses" Source="..\BaseClasses\FServiceBase.cs" Description="File successfully backed up as C:\My Folders\My Work\Projects\Framework\Zaxis_Usd\Backup\BaseClasses\FServiceBase.cs">
</Event><Event ErrorLevel="0" Project="BaseClasses" Source="..\BaseClasses\TransactionalAttribute.cs" Description="File successfully backed up as C:\My Folders\My Work\Projects\Framework\Zaxis_Usd\Backup\BaseClasses\TransactionalAttribute.cs">
</Event><Event ErrorLevel="0" Project="BaseClasses" Source="..\BaseClasses\BaseClasses.csproj" Description="Project converted successfully">
</Event><Event ErrorLevel="3" Project="BaseClasses" Source="..\BaseClasses\BaseClasses.csproj" Description="Converted">
</Event><Event ErrorLevel="2" Project="" Source="Zaxis_Usd.sln" Description="Solution file 'C:\My Folders\My Work\Projects\Framework\Zaxis_Usd\Zaxis_Usd.sln' cannot be converted because it cannot be modified. To convert the solution, change the permissions on the solution file to allow modification and re-open it.">
</Event><Event ErrorLevel="3" Project="" Source="Zaxis_Usd.sln" Description="Not Converted">
</Event></UpgradeLog>